post_id,subreddit,post_date,word_count,review_title,body_text,clothing_reference,gate_passed,rejection_reason
1u8bhzu,r/breastcancer,2026-06-17,156,After a double mastectomy what could you not do for yourself for several days/weeks,I do not even have my surgery scheduled yet but I am a planner. I know I won't be able to drive for a few weeks or do anything that involves raising my arms over my head. My doctor told me no typing or texting for about 2 weeks. I was thinking about some personal hygiene such as wiping the nether regions. Were you able to get a tampon in and out or should I buy some pads. Were you able to cut up your own food with a knife and fork. What were some other things you weren't able to do right after your mastectomy. Also is it worth it to buy a drain holder that is like a belt or will the inside out hoodie or special shirts with pockets for the drains be fine.,yes,yes,
1u8427j,r/breastcancer,2026-06-17,67,Free accessible hoodie,When I first started treatment I was gifted a hoodie with zips up the arms so I could keep the hoodie on when going for chemo just had to unzip the arms so the nurses could get to my PICC line. I'm now finished treatment and am NED so I'm looking to give my hoodie to someone who might benefit from it.,yes,yes,
1he9bkk,r/breastcancer,2024-12-15,52,Free post surgical clothes to the first who asks,I have 4 shirts and a drain belt that I'll send to the first one who DMs me their address. Size XL. Light gray pink lavender light blue. 3 have internal drain pockets. They all have a combination of zip snap fronts and or sides and or shoulders.,yes,yes,
1k7i9nr,r/breastcancer,2025-06-01,98,How to dress this new body in the summer,My new body is ugh to dress. Prior to DMX I was a 38DD. Now with expanders I'm maybe a high B or low C by choice. I'm 5'4 currently 185 due to cancer with a belly that can look pregnant. T-shirts make me miserable because they now hug my neck. Can't layer very well cuz it's warm. No more baggy button downs. Nothing baggy works because my stomach sticks out more than my boobs. I'm trying hard to get used to this new body until I get swap surgery in October. Any suggestions.,yes,yes,
1tjtanm,r/breastcancer,2026-05-21,112,Front closure versus step-in,Everything I see keeps recommending clothing that closes in the front for post-DMX aesthetic flat closure. My question is wouldn't it be just as easy to wear things that you can step into and pull up. The way one puts on a regular sports bra when one has a shoulder injury. I started putting on sports bras that way when I had bilateral frozen shoulder. I'm mostly thinking about this for nightgowns. My summer nightgowns have spaghetti straps and I always step in to them. All the button front nightgowns I have found are made of unpleasant fabrics. I have major sensory issues as well as allergies to synthetic fabric dye.,yes,yes,
1dqx19o,r/breastcancer,2024-06-29,43,Clothing donation,Hey if anyone here is willing to cover US flat rate shipping I have 2 camis I'd love to give to someone who needs them. One has drain pockets and buttons up the sides and the other is a nice prescription cami size large. It zips in the front and has drain pockets on the inside.,yes,yes,
1o2bugq,r/breastcancer,2025-10-01,57,Heeeelp me find some bras,Hi pals. I'm almost 2 months post lumpectomy and ready to start wearing normal type bras again. I want to avoid underwire and uncomfortable options though. Life is too short for uncomfy clothes in my opinion. Can anyone recommend a brand that has a good supportive bra H cup that is comfortable lays nicely under clothes and without underwire.,yes,yes,
1jrh8q7,r/breastcancer,2025-04-01,107,Need Bra Recs,44yo IDC dx 10/2024 DMX with TEX 12/10/24. Now that it's getting warmer out and I get wicked hot flashes the bras I've been wearing make me too hot. And the straps are too wide to wear under a tank top. It's really frustrating when getting dressed every morning because either I'm too hot in a short sleeve shirt or my bra is showing. I've tried wearing my pre-BC bralettes but they don't provide much support and I notice I'll have some pain where the expander tabs are especially in the cleavage area. Please share with me a thinner strapped bra that is supportive and not visible under a sleeveless shirt.,yes,yes,
1jqidxf,r/breastcancer,2025-04-01,79,Bras to fit new boobs,My arrogant surgeon placed my implants too close together. Before my third surgery I even brought a bra with me to show the problem but he did not resolve the issue. Is there any hope for wearing a normal bra ever again. I don't want to be stuck wearing only sports bras. When I put on a normal bra they aren't positioned correctly in the cups. Has anyone with a similar experience found any brands or styles that fit.,yes,yes,
1td6443,r/breastcancer,2026-05-01,95,Soft bra that doesnt roll up for post DMX,Help me I cannot make one more Amazon return. I'm 4.5 weeks out from a DMX with expanders in and I'm looking for a soft comfy bra now that I don't have to be in a surgical bra. I have some pretty gnarly nerve stuff going on so I need it to be soft but still offer some support especially for sleeping. I was all excited to wear those cute little bralette type things but I'm apple shaped and my stomach pushes the band up on them and they get all bunchy. Does anyone have any good recs.,yes,yes,
1k9k40l,r/breastcancer,2025-05-01,58,Bras mastectomy drainage,I'm confused about mastectomy and drainage bras. I know the doctor or hospital provides one. Where does it come from. Do they have a supply of them. Also I want to purchase some. Are they compression bras. Are they supposed to be tight. Won't they press on the tubes if they are. How long do I have to wear them.,yes,yes,
1oqx538,r/breastcancer,2025-11-01,73,Bra help please,Is there such a thing as a compression bra that is a little more discrete under my clothes. I'm 2 months out from a dmx and reconstruction but still need to be in a compression bra 24/7. All the bras with zippers show through my shirts and so do the straps. All I want is something that offers great support but doesn't scream look at my giant bra. Does such a thing exist.,yes,yes,
1tsuae7,r/breastcancer,2026-06-01,187,Drain management and other obsessions,I was diagnosed on May 15. On June 8 I have my first appointment with the surgeon for my bilateral mastectomy. I have been making lists and researching. All kinds of bras for recovery and one thing has me stumped. I'm planning on aesthetic flat closure but all the post bras seem to have cups or pouches. Is that normal. Also I have fat upper arms and think I will want an arm lift to fit into the sleeves of smaller tops. They're already a challenge with tops big enough for me with the boobs. Drain management question: Belt? Built into garments? For the shower mesh bags? A lot of postsurgery bras have hook-and-eye closures but it seems like those would be harder to fasten with the arm limitations than something with snaps buttons or a zipper.,yes,yes,
1c9rpw1,r/breastcancer,2024-04-22,132,Anyone else really hate gowns,Stage 2b here. Chemo should start in the next couple weeks. Not really bothered or upset with the cancer diagnosis but I am so fed up with having to put on the ugly ill-fitting gowns for every test visit scan. Gowns may be made for easy access but they are not made to be moved around in at least not for this h-cup. Anyone made their own gown. Something that actually has some personal fit and won't need to be held closed but still easy access. I anticipate years yet with visits tests and scans which will require gowning up. It seems like a thing I can do to grab back some personal dignity.,yes,yes,
1ni067y,r/breastcancer,2024-11-27,72,Dressing after double mastectomy,I received radiation on one side of my chest and for lack of a better description that side of my chest is concave. It makes wearing tight fitted clothing near impossible without looks and I'm tired of wearing loose clothing. I feel frumpy. I don't know if my problem is common as I do not wear prosthetics and want my chest to be flat but does anyone have any ideas on how to smooth my chest out to dress in different ways. Sports bras do not help. I just want to be flat and smooth. I've been post treatment for about a year now.,yes,yes,
1mdzkp1,r/breastcancer,2025-06-01,67,for all my dmx peeps t-shirt idea,I had DDs so of course I had t-shirts declaring and showcasing them v-necks. So now I have a drawer full of useless shirts. Then the other day I was wearing one as a night shirt and thought wait a minute these are plain one color shirts what if I wore the v in the back. I have a sexy peek a boo back and a classy relaxed collar across my throat. Extra nice cause t-shirts now mostly only have labels printed on the shirts.,yes,yes,
1l74q3l,r/breastcancer,2025-06-01,79,Bra for under t-shirt with different boobs,Has anyone found a good bra for wearing with one expander no nipple on one side normal-ish breast on the other. After healthy breast reduction I think I am a C or D cup the expander side is similar but shaped different and no nipple. I don't need compression and I don't need a ton of support but I have scars on both sides that are two months post-op. I look ok enough under a shirt that has buttons or pleats over the breasts but not under a t-shirt. Do I need a padded bra to make that work.,yes,yes,
1j44zck,r/breastcancer,2025-03-01,52,Donate post surgery shirts,Does anyone know where I can donate a few shirts with drain pockets and bras with drain clips. Those things were pricey and I'd love for someone to be able to use them. If I just donate to goodwill I assume no one will notice the pockets and will just think it's weird unstylish shirts.,yes,yes,
1habpcd,r/ostomy,2024-12-09,98,I thought my days of cute clothes were over They ARENT,To all the people out there worried about wearing semi tight clothes over their stoma or about whether they can look cute with an ostomy: it's possible. Before I got my surgery and immediately afterward I seriously thought I would never be able to wear a full body one piece jumpsuit ever again. I thought there was no way anything tight could sit over my stoma and felt doomed to loose and baggy clothing. To anyone else who felt or still feels that way you don't have to do that. Wear what you want and be confident.,yes,yes,
1jbazpo,r/ostomy,2025-03-01,52,Clothing shout out,Before a recent trip I needed a pair of decent looking pants not too tight not too loose. I bought a super pair of Women's NoGa Natural Cotton Bootcut Pants from Duluth Trading Company. These pants are perfect without being too tight or too casual looking. Also I purchased a few Women's No Yank Tanks long. I love these for yoga class. Long enough to cover everything. Great quality for these items. This company has tons of long shirt options.,yes,yes,
1k7okh3,r/ostomy,2025-05-01,98,Clothes help,My ileostomy was reversed and promptly reinstated. Turns out it's gonna be around longer than I anticipated 6 months to a year. I am going back to work and I work in a very professional building. Typically business casual or more is expected each day. I haven't worked with the ileostomy yet. Does anyone have recommendations for clothing. Typically I wear tighter fitting clothes or dresses. A typical outfit would be work pants stilettos and a fancy shirt. I need recommendations for ostomy friendly professional clothes. I want to be very discreet with my bag but I'm short so my torso is small and my bag tends to pop out at the bottom.,yes,yes,
1tv4qf3,r/ostomy,2026-06-03,87,Do they make an absorptive belly band cover,I am looking for a product recommendation. I'm looking for something that would combine the absorption of period underwear with a belly band. My dad has a new ileostomy and he and my mom are almost 80 and because of this and my mom having physical limitations they cannot change the bag independently. I'm looking for something to go over it if it starts leaking to catch the fluid while they wait for the nurse or myself to come reapply his bag. What do other people do in this circumstance.,yes,yes,
1gx48tk,r/ostomy,2024-11-22,87,Does anyone else not like their stomacloak,I bought a stomacloak because I wanted something discreet that lays flat around my bag so I can wear dresses. Well the stomacloak cover is a bit too small so it ends up bunching up my bag in the cover and the lumps end up being more noticeable if I'm wearing a tight dress. I tried wearing a support belt with it on but it was so tight it ended up just peeling back my bag from my wafer. I only see positive reviews for this product so for $25 a piece I am extremely disappointed. Does anyone have any different bag cover recommendations.,yes,yes,
1c5p4m0,r/rheumatoid,2024-04-17,32,Clothes for Warm Weather,I'm a college student that was diagnosed with RA last February and it has been kind of confusing still to adjust to everything. I realized I never figured out how to deal with warm weather. What clothes are good for warm weather. Does anyone have any other tips.,yes,yes,
1dd48o0,r/rheumatoid,2024-06-11,22,Who else enjoys the ease of putting on a poncho in cooler weather Any other RA clothing hacks,Who else enjoys the ease of putting on a poncho in cooler weather. Any other RA clothing hacks.,yes,yes,
